UE,Intitulé UE,Code thème interne,Thème,Notions
A1,Fondements des sciences infirmières et raisonnement clinique,A1-01,Profession et sciences infirmières,"Histoire des professions de santé et contribution à la construction du système de santé | Champs d’intervention des différentes professions et place dans les parcours de soins | Histoire et évolution de la profession infirmière | Sociologie, culture et identité professionnelles infirmières | Place de la profession dans les systèmes de santé français, européens et internationaux | Rôle et missions de l’infirmier | Épistémologie des sciences infirmières : construction et nature des connaissances | Concepts fondamentaux des sciences infirmières | Concepts de paradigme, modèle et courant de pensée | Modèles conceptuels et théories infirmières | Application des théories infirmières aux situations cliniques"
A1,Fondements des sciences infirmières et raisonnement clinique,A1-02,Raisonnement et jugement cliniques,"Raisonnement clinique, jugement clinique et diagnostic infirmier | Questionnement, observation, induction et déduction | Pensée critique et biais sociocognitifs | Problématisation et résolution de problèmes | Formulation d’hypothèses et recherche d’alternatives | Pratique fondée sur les données probantes | Terminologie clinique et langage professionnel | Méthodes et outils de recueil de données et de mesure | Évaluation de l’autonomie, des ressources et des fragilités | Évaluation des risques de violences intrafamiliales et extrafamiliales | Analyse des données : problèmes, risques et priorités | Diagnostic infirmier et classifications | Construction du projet de soins | Choix des interventions infirmières | Critères d’évaluation, mesure des résultats et réajustement"
A2,"Législation, déontologie, éthique",A2-01,Droit et exercice professionnel,"Notions élémentaires de droit et hiérarchie des normes | Droit public, droit privé et organisation juridictionnelle | Cadre juridique de l’exercice professionnel | Organisation de la profession infirmière | Déontologie infirmière et normes applicables | Responsabilités civile, pénale et disciplinaire | Devoirs professionnels et droits des usagers | Information de la personne soignée | Consentement et refus de soins | Vie privée, confidentialité et secret professionnel | Protection juridique des personnes vulnérables | Personne de confiance | Place et accompagnement des proches et des aidants | Protocoles de coopération | Coopération interprofessionnelle et structures d’exercice coordonné | Violences envers les professionnels de santé | Violences sexistes et sexuelles | Dignité de la personne | Bientraitance et prévention de la maltraitance ordinaire"
A2,"Législation, déontologie, éthique",A2-02,Situations juridiques particulières,"Fin de vie, directives anticipées et obstination déraisonnable | Organisation des soins palliatifs | Obligations de soins et restrictions des libertés | Soins sans consentement | Isolement et contention | Cadres particuliers : santé au travail, santé scolaire, milieu pénitentiaire et psychiatrie"
A2,"Législation, déontologie, éthique",A2-03,Éthique et bioéthique,"Distinction entre droit, morale, déontologie et éthique | Fondements philosophiques de l’éthique | Autonomie, bienfaisance, non-malfaisance et justice | Questionnement et raisonnement éthiques | Dilemmes éthiques en contexte de soins | Décision partagée avec la personne et son entourage | Éthique du care et éthique de la discussion | Questions éthiques propres aux soins infirmiers | Recherches impliquant la personne humaine | Don et utilisation des éléments et produits du corps humain | Enjeux éthiques et déontologiques des outils numériques"
B1,Sciences biomédicales,B1-01,Fondements biologiques et développement humain,"Biochimie | Biologie moléculaire | Biologie cellulaire | Hématologie | Anatomie et physiologie des différents systèmes | Développement humain, de la naissance au vieillissement et à la mort | Douleur aiguë et chronique : bases anatomophysiologiques, physiopathologiques, psychologiques et manifestations cliniques | Médecine intégrative et thérapies complémentaires : place, regard critique et risques"
B1,Sciences biomédicales,B1-02,"Système cardiovasculaire, respiratoire et sang","Insuffisance cardiaque | Infarctus du myocarde | Hypertension artérielle | Troubles du rythme | Pathologies artérielles | Phlébite et embolie pulmonaire | Pathologies valvulaires | Asthme | Bronchopneumopathie chronique obstructive | Anémie | Pharmacologie associée : anticoagulants, antiagrégants, statines, diurétiques, antihypertenseurs, antiarythmiques et bronchodilatateurs"
B1,Sciences biomédicales,B1-03,Système nerveux,"Accident vasculaire cérébral | Épilepsie | Maladie de Parkinson | Neuropathies périphériques | Lésions médullaires | Déficits sensoriels | Pharmacologie associée, notamment antiépileptiques et psychotropes"
B1,Sciences biomédicales,B1-04,Système locomoteur,"Traumatismes et fractures | Amputations de membres | Lombalgies et arthroses | Douleurs chroniques | Ostéoporose | Pharmacologie associée, notamment antalgiques"
B1,Sciences biomédicales,B1-05,Système urinaire,Insuffisance rénale aiguë | Insuffisance rénale chronique et terminale | Dialyses et greffes | Pathologies glomérulaires | Lithiases urinaires | Troubles de la miction | Adaptation des traitements en cas d’insuffisance rénale
B1,Sciences biomédicales,B1-06,Système digestif,"Pathologies buccodentaires | Reflux gastro-œsophagien | Ulcères gastriques et duodénaux | Hémorragies digestives | Troubles du transit | Pathologies du foie et des voies biliaires | Pathologies de l’intestin grêle et du côlon | Maladies inflammatoires chroniques de l’intestin | Pharmacologie associée, notamment laxatifs et antiulcéreux"
B1,Sciences biomédicales,B1-07,Système endocrinien,"Pathologies des glandes endocrines | Diabète | Insulines et antidiabétiques oraux | Traitements hormonaux, notamment thyroxine"
B1,Sciences biomédicales,B1-08,Systèmes urogénital et reproducteur,"Puberté | Santé sexuelle | Reproduction humaine | Grossesse et accouchement physiologique | Contraception | Ménopause | Pathologies du pré-, per- et post-partum | Endométriose | Infertilité | Troubles de l’érection | Incontinence masculine et féminine | Infections sexuellement transmissibles | Pharmacologie associée"
B1,Sciences biomédicales,B1-09,Système tégumentaire,"Causes de rupture de l’intégrité cutanée | Plaies et cicatrisation | Brûlures | Escarres | Maladies inflammatoires de la peau | Traitements médicamenteux : antalgiques, traitements topiques | Traitements non médicamenteux, notamment photothérapie et cryothérapie"
B1,Sciences biomédicales,B1-10,"Immunité, infections et inflammation","Système immunitaire | Infections bactériennes : pneumopathies, infections urinaires hautes et basses, érysipèle, septicémies | Infections virales : grippe, Covid, VIH, hépatites et zona | Infections fongiques | Infections parasitaires, dont paludisme | Infections nosocomiales | Maladies auto-immunes : sclérose en plaques, maladie rhumatismale et vascularites | Antibiotiques, antiviraux, corticoïdes, immunosuppresseurs et anti-inflammatoires"
B1,Sciences biomédicales,B1-11,ORL et ophtalmologie,"Vertiges et acouphènes | Otites | Pathologies des glandes salivaires | Surdité | Pathologies du nerf optique, dont glaucome | Pathologies rétiniennes | Pathologies oculaires inflammatoires et infectieuses | Pathologies du cristallin | Troubles réfractifs | Pharmacologie associée"
B1,Sciences biomédicales,B1-12,Cancérologie et hémopathies,"Cancers solides, notamment cutanés, neurologiques et gynécologiques | Hémopathies fréquentes | Soins de support : douleur, soutien psychologique, social, familial et professionnel | Activité physique adaptée | Préservation de la fertilité et troubles de la sexualité | Diététique et nutrition | Accompagnement des aidants | Prévention et dépistages organisés"
B1,Sciences biomédicales,B1-13,"Développement de l’enfant et de l’adolescent, pathologies infantiles","Croissance et neurodéveloppement | Santé de l’adolescent | Suivi du nouveau-né et de l’enfant : allaitement, nutrition et vaccination | Santé mentale, alimentation, activité physique et santé orale de l’adolescent | Pathologies liées aux grossesses pathologiques, dont alcoolisation fœtale et syndrome de sevrage | Maladies infectieuses infantiles | Troubles du spectre de l’autisme | Troubles du développement intellectuel | Trouble déficit de l’attention avec ou sans hyperactivité | Troubles de la communication et du langage | Troubles spécifiques des apprentissages | Troubles de la coordination | Tics, dont syndrome de Gilles de la Tourette, et autres troubles du neurodéveloppement | Pathologies respiratoires, endocriniennes et métaboliques | Pathologies neurologiques, dont crises convulsives et épileptiques | Troubles de l’alimentation et addictions | Maladies génétiques : trisomie 21, mucoviscidose, drépanocytose et myopathies | Maladies orphelines | Paralysie cérébrale et polyhandicap | Maltraitance et situations à risque : bébé secoué, violences, harcèlement et prostitution des mineurs"
B1,Sciences biomédicales,B1-14,"Psychiatrie de l’adulte, de l’enfant et de l’adolescent","Organisation de la psychiatrie en France | Schizophrénie et autres troubles psychotiques | Troubles de l’humeur | Troubles anxieux et phobiques | Troubles du sommeil | Troubles de la personnalité | Troubles des conduites alimentaires | Troubles relationnels précoces | Troubles du comportement | Troubles de l’humeur du nourrisson, de l’enfant et de l’adolescent | Addictions avec substances : tabac, alcool, drogues et médicaments, dont opioïdes | Addictions sans substance : jeux d’argent, écrans, etc | Réhabilitation psychosociale | Épisodes et risques suicidaires | Prévention de la rechute et réduction des risques | Psychotropes et antidépresseurs | Soins non médicamenteux en santé mentale"
B1,Sciences biomédicales,B1-15,Situations critiques et urgences,"États de choc | Arrêt cardiorespiratoire | Polytraumatismes | Brûlures | Hémorragies | Septicémies et sepsis | Urgences psychiatriques, crises suicidaires et sidération psychologique | Urgences pédiatriques | Situations sanitaires exceptionnelles | Risques épidémiologiques et biologiques | Expositions radiologiques et nucléaires | Psychotraumatisme | Damage control | Violences conjugales, intrafamiliales et envers les personnes vulnérables"
B1,Sciences biomédicales,B1-16,Vieillissement et gériatrie,"Vieillissement physiologique et pathologique | Vieillissement en santé et stéréotypes liés à l’âge | Approche gériatrique globale | Polypathologie | Syndromes gériatriques : confusion, dénutrition, déshydratation, chutes, escarres, incontinence et perte d’autonomie | Traitements médicamenteux et non médicamenteux | Prévention de la dépendance iatrogène | Troubles neurocognitifs majeurs | Approches non médicamenteuses des symptômes psychologiques et comportementaux"
B1,Sciences biomédicales,B1-17,Soins palliatifs et médecine sociale,Étapes de la fin de vie et du deuil | Démarche palliative précoce | Accompagnement des personnes polypathologiques | Traitements médicamenteux et non médicamenteux en fin de vie | Précarité et réduction des inégalités sociales de santé | Approche interculturelle et interprofessionnelle | Autonomie fonctionnelle et réseau d’aide | Repérage et prise en charge des violences | Santé scolaire | Santé au travail | Santé en milieu pénitentiaire
B2,Sciences humaines et sociales,B2-01,Fondements et psychologie,"Fondements et approches scientifiques de la psychologie, sociologie, ethnologie et anthropologie | Psychologie du développement, de l’enfance à l’âge adulte | Diversité des genres et des sexualités, stigmatisation | Psychologie de la santé | Santé mentale et facteurs individuels | Influence des facteurs psychiques sur la maladie : stress, coping et psychobiologie | Approche centrée sur la personne et interventions en psychologie | Psychométrie et différences interindividuelles | Psychologie sociale et phénomènes psychosociaux dans la relation de soin | Relations interindividuelles et intergroupes | Stratégies d’adaptation | Psychopathologie : normal et pathologique | Étapes du deuil"
B2,Sciences humaines et sociales,B2-02,Sociologie,"Structures sociales contemporaines | Famille, entourage, pairs et institutions : influence sur la santé | Sociologie de la santé et inégalités sociales | Déterminants sociaux, culturels, économiques et environnementaux | Ressources et obstacles à l’accès aux soins | Mondialisation, genre et enjeux sociaux du soin | Démocratie sanitaire et partenariat | Sociologie des professions | Travail interprofessionnel : collaboration, coopération, délégation et hiérarchie | Handicap, inclusion et répercussions sur les aidants | Territoires et mobilités sociales dans le champ de la santé | Marketing social et dénormalisation des comportements défavorables à la santé"
B2,Sciences humaines et sociales,B2-03,Ethnologie et anthropologie,"Caractéristiques socioculturelles des groupes humains | Histoire, migrations et métissages | Religions, croyances, rites et rituels | Place et représentations du corps | Anthropologie culturelle | Diversité des modes de vie et rapports à la santé | Perceptions culturelles de la maladie et de la guérison | Pratiques traditionnelles et médecines alternatives | Approche interculturelle des soins"
B2,Sciences humaines et sociales,B2-04,"Violences, addictions et vulnérabilités","Violences sexistes et sexuelles : consentement et données sur le phénomène | Psychotraumatisme et conséquences sanitaires pour les victimes et témoins | VSS en milieu étudiant et rôle des associations | Discriminations dans les soins, notamment liées à l’origine et à l’orientation sexuelle | Pratiques addictives avec et sans substances | Conséquences sociales : sécurité routière, violences intrafamiliales, etc | Conduites à risque en milieu festif | Addictions et inégalités sociales de santé | Besoins physiques, psychologiques, sociaux et spirituels, notamment en soins palliatifs"
B3,Pratiques et interventions infirmières,B3-01,Formations et repérages initiaux,Formation aux gestes et soins d’urgence de niveau 2 | Bien-être psychologique | Gestion du stress et de l’anxiété | Organisation de l’offre de soins en santé mentale | Repérage de la détresse psychologique et des troubles psychiques | Premières interventions et orientation
B3,Pratiques et interventions infirmières,B3-02,Hygiène et prévention des infections,"Hygiène hospitalière et extrahospitalière | Hygiène des mains | Tenue professionnelle et équipements de protection | Circuits propres et sales | Gestion des déchets, dont DASRI | Prédésinfection, nettoyage, désinfection, décontamination et stérilisation | Précautions standard et complémentaires | Isolement protecteur | Protocoles d’hygiène | Hygiène à domicile et en collectivité | Antibiorésistance | Asepsie"
B3,Pratiques et interventions infirmières,B3-03,Douleur et démarche clinique appliquée,"Prévention de la douleur | Évaluation et suivi de la douleur aiguë et chronique | Douleurs induites par les soins | Stratégies médicamenteuses et non médicamenteuses | Analyse clinique selon un modèle conceptuel | Jugement clinique, projet individualisé et planification | Transmissions | Évaluation des interventions et réajustement | Soins techniques, éducatifs et relationnels fondés sur les données probantes"
B3,Pratiques et interventions infirmières,B3-04,Consultation infirmière,"Organisation et conduite d’une consultation | Anamnèse et entretien | Recueil des données et résultats d’examens | Examen clinique : inspection, palpation, percussion et auscultation | Construction d’un plan personnalisé | Conseils et informations adaptés | Prescription infirmière sécurisée | Orientation vers un autre professionnel"
B3,Pratiques et interventions infirmières,B3-05,Soins courants à tous les âges,Hygiène et confort | Hygiène buccodentaire | Équilibre alimentaire | Prévention des plaies | Lever et aide à la mobilisation | Adaptation des soins à l’âge et aux besoins spécifiques
B3,Pratiques et interventions infirmières,B3-06,Pédiatrie,"Soins au prématuré et au nouveau-né | Surveillance des signes vitaux | Soins nutritionnels et allaitement | Oxygénothérapie | Soins neurologiques | Soins psychologiques et soutien parental | Prévention des infections | Soins en incubateur | Parentalité en situation pathologique | Soins à l’enfant et à l’adolescent sain ou malade : vaccination, aérosols, nutrition, etc | Effets de la maladie d’un parent sur l’enfant et la fratrie"
B3,Pratiques et interventions infirmières,B3-07,Psychiatrie,"Entretien et fonction de référent en psychiatrie | Relation psychothérapeutique | Repérage des comportements problématiques et interventions | Isolement, contention et cadre thérapeutique | Gestion des crises psychiatriques | Protocoles de médication d’urgence | Plans de crise et hospitalisation d’urgence | Cures de sevrage | Cures de sommeil, mentionnées dans le texte | Évaluation de la souffrance psychique et du risque suicidaire | Prévention du suicide | Activités sociothérapeutiques et socioéducatives | Actes à visée psychothérapeutique et médiations thérapeutiques"
B3,Pratiques et interventions infirmières,B3-08,"Soins critiques, urgences et crises collectives","Surveillance clinique et monitorée des fonctions neurologiques, respiratoires et circulatoires | Signes de gravité et priorisation des actions | Techniques de soins critiques | Facteurs humains : communication, collaboration et gestion du stress | Prise en soin des victimes de violences | Identification, prévention et anticipation des crises | Plans de réponse aux situations sanitaires exceptionnelles | Dispositifs ORSAN et ORSEC ; plans adaptés aux établissements et structures | Intégration dans une organisation de crise | Adaptation des soins en ville, en établissement sanitaire et médicosocial | Gestion des flux et priorisation des soins | Parcours des blessés graves civils et militaires, du préhospitalier à la réadaptation | Prise en charge médicopsychologique | Premiers secours psychologiques opérationnels | Blessés d’attentat et de guerre ; introduction à SAFE MARCHE RYAN"
B3,Pratiques et interventions infirmières,B3-09,Gériatrie,"Repérage des fragilités et des ressources | Évaluation gériatrique standardisée | Soins cutanés et prévention des escarres | Mobilité et prévention des chutes | Nutrition et accompagnement alimentaire | Soins éducatifs, relationnels et psychologiques | Accompagnement des aidants | Dispositifs spécialisés pour la personne âgée | Approche multidisciplinaire : douleur, anxiété, confort et soutien de l’entourage"
B3,Pratiques et interventions infirmières,B3-10,Plaies et pansements,"Prévalence et typologies des plaies | Évaluation clinique d’une plaie | Pansements : types, indications et prescriptions | Réalisation du soin ; pansements primaires et secondaires | Brûlures, ulcères et escarres | Plaies postopératoires, dont plasties | Fistules et stomies | Traitement par pression négative | Bandes de contention | Prescription de matériel, dispositifs et examens biologiques spécifiques | Complications : infections, allergies, etc | Surveillance de la cicatrisation et orientation"
B3,Pratiques et interventions infirmières,B3-11,"Vaccination, addictions et fin de vie","Maladies à prévention vaccinale | Calendrier, politique vaccinale et types de vaccins | Prescription, administration et surveillance vaccinales | Traçabilité et transmission | Réduction des risques et dommages liés aux addictions | Accompagnement de l’arrêt du tabac | Substituts nicotiniques | Traitements substitutifs des opioïdes | Soins palliatifs et accompagnement de la fin de vie"
B3,Pratiques et interventions infirmières,B3-12,"Médicaments, dispositifs et examens","Caractéristiques, mécanismes, indications et modes d’administration des produits de santé | Effets indésirables, interactions et iatrogénie | Circuit du médicament | Réglementation des produits de santé | Pharmacovigilance et signalement | Prescription médicale et infirmière | Analyse d’une ordonnance | Bilan et conciliation médicamenteux | Préparation, administration et calculs de doses | Surveillance des traitements | Transfusion sanguine | Cathéters périphériques, périnerveux, intrathécaux et veineux centraux | Chambres implantables | Examens biologiques, imagerie, endoscopie, explorations électrophysiologiques et examens anatomocytopathologiques | Règles de prescription des examens | Préparation, réalisation et surveillance des examens"
B4,Démarche qualité et gestion des risques,B4-01,"Histoire, principes et enjeux de la qualité en santé","Histoire, principes et enjeux de la qualité en santé"
B4,Démarche qualité et gestion des risques,B4-02,Cadre réglementaire et référentiels qualité,Cadre réglementaire et référentiels qualité
B4,Démarche qualité et gestion des risques,B4-03,"Qualité dans les secteurs sanitaire, médicosocial, social et éducatif","Qualité dans les secteurs sanitaire, médicosocial, social et éducatif"
B4,Démarche qualité et gestion des risques,B4-04,"Qualité dans les secteurs à risques : biologie, radiothérapie, médecine nucléaire, imagerie","Qualité dans les secteurs à risques : biologie, radiothérapie, médecine nucléaire, imagerie"
B4,Démarche qualité et gestion des risques,B4-05,Cycle PDCA et roue de Deming,Cycle PDCA et roue de Deming
B4,Démarche qualité et gestion des risques,B4-06,Indicateurs qualité,Indicateurs qualité
B4,Démarche qualité et gestion des risques,B4-07,"Expérience des usagers : plaintes, satisfaction et observations","Expérience des usagers : plaintes, satisfaction et observations"
B4,Démarche qualité et gestion des risques,B4-08,"Traçabilité, transmissions, protocoles et plans d’action","Traçabilité, transmissions, protocoles et plans d’action"
B4,Démarche qualité et gestion des risques,B4-09,Audits internes et externes,Audits internes et externes
B4,Démarche qualité et gestion des risques,B4-10,Évaluation des pratiques professionnelles,Évaluation des pratiques professionnelles
B4,Démarche qualité et gestion des risques,B4-11,"Risques iatrogènes, organisationnels, psychosociaux et éthiques","Risques iatrogènes, organisationnels, psychosociaux et éthiques"
B4,Démarche qualité et gestion des risques,B4-12,Cartographie des risques,Cartographie des risques
B4,Démarche qualité et gestion des risques,B4-13,Arbre des causes et méthode des « cinq pourquoi »,Arbre des causes et méthode des « cinq pourquoi »
B4,Démarche qualité et gestion des risques,B4-14,AMDEC et méthode ALARM,AMDEC et méthode ALARM
B4,Démarche qualité et gestion des risques,B4-15,"Identitovigilance, matériovigilance, infectiovigilance et hémovigilance","Identitovigilance, matériovigilance, infectiovigilance et hémovigilance"
B4,Démarche qualité et gestion des risques,B4-16,"Prévention, déclaration et gestion des événements indésirables","Prévention, déclaration et gestion des événements indésirables"
B4,Démarche qualité et gestion des risques,B4-17,Facteurs humains et organisationnels,Facteurs humains et organisationnels
B4,Démarche qualité et gestion des risques,B4-18,Simulation en équipe pour prévenir les risques,Simulation en équipe pour prévenir les risques
B4,Démarche qualité et gestion des risques,B4-19,Rencontres sécurité et briefings,Rencontres sécurité et briefings
B4,Démarche qualité et gestion des risques,B4-20,"Culture de sécurité, place de l’erreur et culture juste non punitive","Culture de sécurité, place de l’erreur et culture juste non punitive"
B4,Démarche qualité et gestion des risques,B4-21,Sensibilisation et formation des équipes,Sensibilisation et formation des équipes
B4,Démarche qualité et gestion des risques,B4-22,Patient acteur de la sécurité,Patient acteur de la sécurité
B4,Démarche qualité et gestion des risques,B4-23,"Leadership partagé, soutien entre pairs et retours constructifs","Leadership partagé, soutien entre pairs et retours constructifs"
B4,Démarche qualité et gestion des risques,B4-24,Ressources et organismes auxquels demander conseil,Ressources et organismes auxquels demander conseil
B4,Démarche qualité et gestion des risques,B4-25,Amélioration continue des pratiques,Amélioration continue des pratiques
C1,"Santé publique, promotion de la santé et prévention, éducation thérapeutique",C1-01,Concepts et comportements de santé,"Santé publique, communautaire et populationnelle | Déterminants et représentations de santé | Prévention, éducation et promotion de la santé | Comportements de santé et changements d’attitudes | Freins et leviers au changement | Approche écologique et milieux de vie | Approche salutogénique | Éthique en santé publique | Littératie en santé | Santé globale"
C1,"Santé publique, promotion de la santé et prévention, éducation thérapeutique",C1-02,Thématiques de prévention,"Alimentation | Activité physique | Vaccination | Sommeil | Exposition aux écrans | Santé environnementale | Vie affective, relationnelle et sexuelle | Addictions | Santé physique et mentale des étudiants et des soignants"
C1,"Santé publique, promotion de la santé et prévention, éducation thérapeutique",C1-03,Méthodologie et service sanitaire,Recueil et analyse des besoins de santé | Construction d’un projet de promotion de la santé | Méthodes et indicateurs d’évaluation | Service sanitaire : préparation et action auprès du public | Posture éducative | Méthodes et outils de communication adaptés | Plaidoyer et représentation d’intérêts | Lutte contre les fausses informations et la désinformation | Construction d’une argumentation scientifique
C1,"Santé publique, promotion de la santé et prévention, éducation thérapeutique",C1-04,Système de santé et politiques publiques,"Fondements, fonctions et approches de la santé publique | Acteurs et organismes nationaux et internationaux | Mesure et surveillance de la santé des populations | Indicateurs de santé | État de santé en France et dans le monde | Inégalités, besoins, accès et recours aux soins | Organisation et fonctionnement du système français | Approche intersectorielle | Politiques publiques : nutrition, santé mentale, tabac, 1 000 premiers jours, santé sexuelle, etc | Économie de la santé : financement, dépenses et rémunération des professionnels | Parcours de soins et de santé | Exercice coordonné | Alertes, crises sanitaires et pandémies"
C1,"Santé publique, promotion de la santé et prévention, éducation thérapeutique",C1-05,Prévention individuelle et ETP,"Prévention individuelle et dépistages organisés | Éducation thérapeutique : définition, objectifs et enjeux | Cadre réglementaire de l’ETP | Décision partagée | Bilan éducatif partagé | Planification et organisation des activités | Animation de séances individuelles et collectives | Évaluation des compétences acquises | Repérage précoce et intervention brève | Entretien motivationnel, écoute active et posture relationnelle | Partenariat avec les patients-experts, pairs-aidants, proches et aidants"
C1,"Santé publique, promotion de la santé et prévention, éducation thérapeutique",C1-06,Risques professionnels des soignants,Troubles musculosquelettiques | Risques psychosociaux | Discriminations et souffrance au travail | Impacts émotionnels et exposition répétée à la souffrance et aux décès
C2,Santé environnementale et transition écologique,C2-01,Formation socle à la transition écologique pour un développement soutenable — TEDS,Formation socle à la transition écologique pour un développement soutenable — TEDS
C2,Santé environnementale et transition écologique,C2-02,Concepts de santé environnementale,Concepts de santé environnementale
C2,Santé environnementale et transition écologique,C2-03,Organisation des politiques de santé environnementale en France et dans le monde,Organisation des politiques de santé environnementale en France et dans le monde
C2,Santé environnementale et transition écologique,C2-04,Écoconception et pratiques de soins écoresponsables,Écoconception et pratiques de soins écoresponsables
C2,Santé environnementale et transition écologique,C2-05,Vulnérabilités et environnement,Vulnérabilités et environnement
C2,Santé environnementale et transition écologique,C2-06,Catastrophes naturelles et technologiques,Catastrophes naturelles et technologiques
C2,Santé environnementale et transition écologique,C2-07,Plans d’urgence et rôle des soignants,Plans d’urgence et rôle des soignants
C2,Santé environnementale et transition écologique,C2-08,"Collaboration avec les institutions locales, régionales, nationales et internationales","Collaboration avec les institutions locales, régionales, nationales et internationales"
C2,Santé environnementale et transition écologique,C2-09,Acteurs de la santé environnementale,Acteurs de la santé environnementale
C2,Santé environnementale et transition écologique,C2-10,Plans santé-environnement et santé au travail,Plans santé-environnement et santé au travail
C2,Santé environnementale et transition écologique,C2-11,Perturbateurs endocriniens,Perturbateurs endocriniens
C2,Santé environnementale et transition écologique,C2-12,Pesticides,Pesticides
C2,Santé environnementale et transition écologique,C2-13,Risques liés à l’environnement intérieur,Risques liés à l’environnement intérieur
C2,Santé environnementale et transition écologique,C2-14,"Pollution intérieure et extérieure : solvants, produits chimiques et d’hygiène, pollens, tabac, particules","Pollution intérieure et extérieure : solvants, produits chimiques et d’hygiène, pollens, tabac, particules"
C2,Santé environnementale et transition écologique,C2-15,Vulnérabilité du système de santé aux changements environnementaux,Vulnérabilité du système de santé aux changements environnementaux
C2,Santé environnementale et transition écologique,C2-16,Transition écologique et développement durable dans le système de santé,Transition écologique et développement durable dans le système de santé
C2,Santé environnementale et transition écologique,C2-17,"Expositions chimiques, physiques et biologiques","Expositions chimiques, physiques et biologiques"
C2,Santé environnementale et transition écologique,C2-18,Expositions professionnelles,Expositions professionnelles
C2,Santé environnementale et transition écologique,C2-19,Évaluation des risques sanitaires environnementaux,Évaluation des risques sanitaires environnementaux
C2,Santé environnementale et transition écologique,C2-20,Inégalités environnementales,Inégalités environnementales
C2,Santé environnementale et transition écologique,C2-21,Effets directs et indirects du changement climatique,Effets directs et indirects du changement climatique
C2,Santé environnementale et transition écologique,C2-22,Maladies environnementales,Maladies environnementales
C2,Santé environnementale et transition écologique,C2-23,Zoonoses,Zoonoses
C2,Santé environnementale et transition écologique,C2-24,Antibiorésistance,Antibiorésistance
C2,Santé environnementale et transition écologique,C2-25,Éco-anxiété et santé mentale,Éco-anxiété et santé mentale
C2,Santé environnementale et transition écologique,C2-26,Promotion de la santé environnementale,Promotion de la santé environnementale
C2,Santé environnementale et transition écologique,C2-27,Approche « Une seule santé »,Approche « Une seule santé »
C2,Santé environnementale et transition écologique,C2-28,"Cobénéfices santé-environnement : mobilité active, alimentation durable, contact avec la nature","Cobénéfices santé-environnement : mobilité active, alimentation durable, contact avec la nature"
C2,Santé environnementale et transition écologique,C2-29,Éducation à la santé environnementale et à la santé au travail,Éducation à la santé environnementale et à la santé au travail
D1,"Savoir-être, communication professionnelle et leadership",D1-01,Posture et communication,"Respect, écoute, empathie, congruence et adaptabilité | Ponctualité, tenue, langage, gestuelle et comportements professionnels | Communication verbale, non verbale, écrite et numérique | Communication interpersonnelle | Diversités culturelles, sociales et religieuses | Lutte contre la stigmatisation | Handicap, vulnérabilité, accessibilité et inclusion | Écoute active | Reformulation, clarification et validation des messages | Entretiens d’accueil, d’évaluation, éducatifs et d’accompagnement | Communication avec les familles | Situations difficiles : fin de vie, refus de soins, etc | Consultation d’annonce | Communication dans l’équipe : disponibilité, ouverture d’esprit et remise en question | Transmissions orales et écrites | Dossier patient et réunions préparatoires | Animation de réunions et prise de parole en public"
D1,"Savoir-être, communication professionnelle et leadership",D1-02,Collaboration et compétences psychosociales,"Rôles et responsabilités des professionnels | Supervision et évaluation des actes et soins délégués | Communication interprofessionnelle et outils de transmission | Communication en téléconsultation et télésoin | Coordination et continuité des soins | Compétences psychosociales cognitives, émotionnelles et sociales | Conscience de soi, autogestion et conscience sociale | Habiletés relationnelles et décision responsable | Régulation des émotions, intelligence émotionnelle et empathie cognitive | Réflexivité | Gestion du stress | Médiation"
D1,"Savoir-être, communication professionnelle et leadership",D1-03,"Leadership, violences et gestion de groupe","Concepts et attributs du leadership clinique | Styles transformationnel, situationnel et collaboratif | Qualités et compétences du leader | Effets du leadership sur la qualité, la sécurité et le travail collectif | Mécanismes des comportements agressifs | Réactions et postures face aux conflits | Anticipation et prévention des violences | Techniques d’apaisement des tensions | Coordination et supervision infirmières | Organisation des interventions et gestion des ressources | Dynamique de groupe, motivation et négociation | Cohésion et participation de l’équipe | Résolution des conflits | Gestion de crise et décision en urgence"
D2,Coordination des activités et des soins et gestion d’une structure,D2-01,"Procédures administratives, réglementaires et financières","Procédures administratives, réglementaires et financières"
D2,Coordination des activités et des soins et gestion d’une structure,D2-02,Organisation et gestion d’une structure individuelle ou collective,Organisation et gestion d’une structure individuelle ou collective
D2,Coordination des activités et des soins et gestion d’une structure,D2-03,"Budgets, facturation et gestion des ressources","Budgets, facturation et gestion des ressources"
D2,Coordination des activités et des soins et gestion d’une structure,D2-04,Gestion des rendez-vous et des plannings,Gestion des rendez-vous et des plannings
D2,Coordination des activités et des soins et gestion d’une structure,D2-05,Organisation de l’espace professionnel et du plateau technique,Organisation de l’espace professionnel et du plateau technique
D2,Coordination des activités et des soins et gestion d’une structure,D2-06,Écoconception et développement durable,Écoconception et développement durable
D2,Coordination des activités et des soins et gestion d’une structure,D2-07,Approvisionnement et gestion des stocks,Approvisionnement et gestion des stocks
D2,Coordination des activités et des soins et gestion d’une structure,D2-08,Entretien et maintenance des équipements,Entretien et maintenance des équipements
D2,Coordination des activités et des soins et gestion d’une structure,D2-09,Gestion des déchets,Gestion des déchets
D2,Coordination des activités et des soins et gestion d’une structure,D2-10,Organisation de sa propre activité et limites de son champ d’intervention,Organisation de sa propre activité et limites de son champ d’intervention
D2,Coordination des activités et des soins et gestion d’une structure,D2-11,Travail en équipe,Travail en équipe
D2,Coordination des activités et des soins et gestion d’une structure,D2-12,Coordination de la continuité des soins,Coordination de la continuité des soins
D2,Coordination des activités et des soins et gestion d’une structure,D2-13,Transmission et archivage des données,Transmission et archivage des données
D2,Coordination des activités et des soins et gestion d’une structure,D2-14,Partenariats et collaboration avec les acteurs locaux,Partenariats et collaboration avec les acteurs locaux
D2,Coordination des activités et des soins et gestion d’une structure,D2-15,Communication avec les partenaires externes,Communication avec les partenaires externes
D2,Coordination des activités et des soins et gestion d’une structure,D2-16,"Responsabilité sociale : équité, inclusion et soutien aux populations vulnérables","Responsabilité sociale : équité, inclusion et soutien aux populations vulnérables"
D2,Coordination des activités et des soins et gestion d’une structure,D2-17,Innovation organisationnelle,Innovation organisationnelle
D2,Coordination des activités et des soins et gestion d’une structure,D2-18,Numérique et interopérabilité des systèmes,Numérique et interopérabilité des systèmes
D3,"Formation, développement des compétences et analyse des pratiques professionnelles",D3-01,Pédagogie et conception de formation,Théories de l’apprentissage en santé | Méthodes et outils pédagogiques | Approche par compétences et référentiels métiers | Identification des besoins de formation | Objectifs pédagogiques adaptés et mesurables | Construction de séances théoriques et pratiques | Organisation de l’évaluation des apprentissages
D3,"Formation, développement des compétences et analyse des pratiques professionnelles",D3-02,Accompagnement et évaluation,"Accueil et intégration des apprenants et des nouveaux professionnels | Qualité de vie et conditions de travail dans l’accompagnement | Tutorat et mentorat : différences, rôles et responsabilités | Relation pédagogique et techniques d’encadrement | Développement de l’autonomie et de l’initiative | Difficultés d’apprentissage : stress, démotivation et handicap | Concepts de l’évaluation | Grilles d’observation, tests et évaluations cliniques | Analyse des performances | Retours constructifs | Autoévaluation et réflexion critique | Entretien d’évaluation"
D3,"Formation, développement des compétences et analyse des pratiques professionnelles",D3-03,Analyse des pratiques,"Démarche réflexive | Recherche sur les pratiques pédagogiques et cliniques | Outils, modèles et étapes de l’analyse des pratiques professionnelles | Responsabilité infirmière et respect des protocoles | Sécurité et efficacité des interventions | Écarts entre théorie et pratique | Invariants du soin | Analyse des compétences et savoir-faire mobilisés | Gestion du temps et organisation des soins | Coordination interprofessionnelle | Effets des contraintes et ressources organisationnelles, y compris en situation exceptionnelle | Identification des besoins de formation et d’accompagnement"
D4,Numérique en santé,D4-01,Données de santé,"Définition, histoire et effets du numérique sur le système de santé | Identitovigilance | Données personnelles de santé et RGPD | Cycle de vie des données | Règles d’accès et de stockage | Carte professionnelle de santé numérique | Exploitation des données, algorithmes et intelligence artificielle"
D4,Numérique en santé,D4-02,Cybersécurité,"Mots de passe, authentification et chiffrement | Sécurisation de l’environnement de travail | Prévention des cyberattaques et violations de données | Conduite à tenir en cas d’incident"
D4,Numérique en santé,D4-03,Communication et outils,"Applications, portails et outils de communication avec les usagers | Échanges avec les professionnels, aidants, institutions et administrations | Identité numérique et moteurs de recherche | Bénéfices et limites du numérique dans la relation de soin | Définition de l’e-santé | Impact environnemental du numérique | Logiciels de prescription électronique | Dossier patient informatisé | Dossier médical partagé | Plateformes de coordination et outils collaboratifs | Objets connectés, capteurs et dispositifs de surveillance | Applications de santé | Réalité augmentée et virtuelle | Évaluation des technologies : efficacité, sécurité et acceptabilité | Fiabilité des sources, sites frauduleux et désinformation"
D4,Numérique en santé,D4-04,IA et télésanté,"Concepts, histoire et types d’intelligence artificielle | Applications de l’IA en santé | Usages pertinents pour le raisonnement, la décision et les pratiques | Définition et cadre juridique de la télésanté | Téléconsultation | Téléassistance | Téléexpertise | Télésurveillance | Télésoin | Bonnes pratiques, risques et enjeux éthiques et déontologiques | Conduite d’un projet de télésanté"
E1,"Recherche, méthodes, analyse critique et données probantes",E1-01,Organisation et démarche scientifiques,"Organisation de la recherche en France : universités, organismes et CHU | Acteurs et professionnels de la recherche en santé | Recherche en sciences expérimentales et en sciences humaines et sociales | Éthique et réglementation des recherches impliquant la personne humaine | RGPD, comités de protection des personnes, information et consentement | Intégrité et publication scientifiques | Histoire de la démarche scientifique | Observation, hypothèse, problématisation, expérimentation et communication | Production et diffusion des connaissances | Revues scientifiques et évaluation par les pairs | Recommandations, conférences et ouvrages"
E1,"Recherche, méthodes, analyse critique et données probantes",E1-02,Recherche documentaire et lecture critique,Bases documentaires biomédicales et en sciences humaines et sociales | Construction d’une équation de recherche | Recherche bibliographique et sélection d’articles | Études observationnelles | Études contrôlées | Revues systématiques et méta-analyses | Études qualitatives | Niveaux de preuve | Structure des articles scientifiques | Grilles de lecture critique | Analyse du résultat principal | Limites méthodologiques
E1,"Recherche, méthodes, analyse critique et données probantes",E1-03,Méthodes qualitatives et quantitatives,"Théorie ancrée | Ethnométhodes | Validité, fiabilité et généralisation | Méthodes mixtes | Variables qualitatives et quantitatives | Proportion, moyenne et médiane | Écart-type, percentiles et intervalle interquartile | Graphiques et histogrammes | Incidence et prévalence | Différence absolue | Risque relatif | Risque relatif rapproché — odds ratio | Principes des tests statistiques selon le type de variable"
E1,"Recherche, méthodes, analyse critique et données probantes",E1-04,Synthèse et restitution,"Construction d’une question clinique ou professionnelle | Synthèse critique de la littérature | Rédaction, arborescence et sommaire | Figures et schémas | Références bibliographiques | Utilisation des outils bureautiques | Présentation orale | IA dans la recherche : outils, éthique et précautions"
E2,Langue vivante étrangère,E2-01,Vocabulaire médical courant,Vocabulaire médical courant
E2,Langue vivante étrangère,E2-02,Anatomie et physiologie,Anatomie et physiologie
E2,Langue vivante étrangère,E2-03,Pathologies,Pathologies
E2,Langue vivante étrangère,E2-04,Médicaments et traitements,Médicaments et traitements
E2,Langue vivante étrangère,E2-05,Procédures de soins,Procédures de soins
E2,Langue vivante étrangère,E2-06,Dispositifs médicaux et matériels,Dispositifs médicaux et matériels
E2,Langue vivante étrangère,E2-07,Accueil du patient,Accueil du patient
E2,Langue vivante étrangère,E2-08,Questionnement et évaluation des symptômes,Questionnement et évaluation des symptômes
E2,Langue vivante étrangère,E2-09,Explication des traitements,Explication des traitements
E2,Langue vivante étrangère,E2-10,Lecture de documents professionnels et scientifiques,Lecture de documents professionnels et scientifiques
E2,Langue vivante étrangère,E2-11,Communication avec les personnes non francophones,Communication avec les personnes non francophones
E2,Langue vivante étrangère,E2-12,Écoute et réponse aux préoccupations,Écoute et réponse aux préoccupations
E2,Langue vivante étrangère,E2-13,Vocabulaire de l’annonce d’un diagnostic,Vocabulaire de l’annonce d’un diagnostic
E2,Langue vivante étrangère,E2-14,Présentation d’un traitement,Présentation d’un traitement
E2,Langue vivante étrangère,E2-15,Communication en urgence,Communication en urgence
E2,Langue vivante étrangère,E2-16,Instructions et explication des procédures,Instructions et explication des procédures
E2,Langue vivante étrangère,E2-17,Rédaction de synthèses,Rédaction de synthèses
E2,Langue vivante étrangère,E2-18,Transmissions écrites,Transmissions écrites
E2,Langue vivante étrangère,E2-19,Documents administratifs professionnels,Documents administratifs professionnels
E2,Langue vivante étrangère,E2-20,Communication en équipe pluriprofessionnelle,Communication en équipe pluriprofessionnelle
E2,Langue vivante étrangère,E2-21,Coordination et partage d’informations cliniques,Coordination et partage d’informations cliniques
E2,Langue vivante étrangère,E2-22,Échanges professionnels européens et internationaux,Échanges professionnels européens et internationaux
E2,Langue vivante étrangère,E2-23,Dimensions culturelles de la communication,Dimensions culturelles de la communication
E2,Langue vivante étrangère,E2-24,"Représentations de la santé, valeurs et habitudes de soins","Représentations de la santé, valeurs et habitudes de soins"
E2,Langue vivante étrangère,E2-25,Posture interculturelle,Posture interculturelle
E3,Méthodes de travail et aide à la réussite,E3-01,Entrée dans la formation et méthodes,Autoévaluation des acquis et des besoins | Méthodes de travail | Ressources documentaires | Compétences numériques | Approche par compétences | Alternance et parcours de professionnalisation | Représentations de la profession | Confrontation aux réalités professionnelles | Intégration des valeurs professionnelles | Estime de soi et posture d’apprenant | Communication interpersonnelle | Identification et expression des émotions
E3,Méthodes de travail et aide à la réussite,E3-02,Progression et coopération,"Analyse de ses méthodes de travail | Plan personnalisé d’acquisition des connaissances et compétences | Évolution des représentations socioprofessionnelles | Analyse des pratiques | Négociation, coopération et gestion des conflits | Projets collaboratifs"
E3,Méthodes de travail et aide à la réussite,E3-03,"Autonomie, insertion et engagement","Analyse des situations professionnelles complexes | Développement de l’autonomie | Construction, argumentation et affirmation du projet professionnel | Identification des leviers d’action | Préparation à la prise de poste | Facteurs favorisant l’engagement étudiant | Stratégies et outils d’implication dans la formation | Réseau professionnel et associatif | Actions solidaires et citoyennes | Mobilités européennes et internationales"
